<keymap version="1" name="Windows copy" parent="$default">
  <action id="ActivateTerminalToolWindow">
    <keyboard-shortcut first-keystroke="ctrl t" />
  </action>
  <action id="Cargo.RustfmtCargoProject">
    <keyboard-shortcut first-keystroke="shift ctrl s" />
  </action>
  <action id="Console.TableResult.Reload" />
  <action id="CopyElement" />
  <action id="EditorDecreaseFontSize">
    <mouse-shortcut keystroke="button143" />
  </action>
  <action id="Github.PullRequest.Comments.Reload" />
  <action id="Github.PullRequest.Details.Reload" />
  <action id="Graph.RouteEdges" />
  <action id="Refresh" />
  <action id="Rerun" />
  <action id="Svn.RefreshWorkingCopies" />
  <action id="Synchronize">
    <keyboard-shortcut first-keystroke="ctrl f5" />
  </action>
  <action id="SynchronizeCurrentFile">
    <keyboard-shortcut first-keystroke="f5" />
  </action>
  <action id="Vcs.Log.Refresh" />
  <action id="Vcs.UpdateProject" />
  <action id="org.intellij.plugins.markdown.ui.actions.styling.ToggleStrikethroughAction" />
</keymap>